Entity,Code,Day,Cases
Philippines,PHL,2021-01-01,13.748661
Philippines,PHL,2021-01-02,13.748661
Philippines,PHL,2021-01-03,11.029766
Philippines,PHL,2021-01-04,11.029766
Philippines,PHL,2021-01-05,11.029766
Philippines,PHL,2021-01-06,11.029766
Philippines,PHL,2021-01-07,11.029766
Philippines,PHL,2021-01-08,11.029766
Philippines,PHL,2021-01-09,11.029766
Philippines,PHL,2021-01-10,12.387333
Philippines,PHL,2021-01-11,12.387333
Philippines,PHL,2021-01-12,12.387333
Philippines,PHL,2021-01-13,12.387333
Philippines,PHL,2021-01-14,12.387333
Philippines,PHL,2021-01-15,12.387333
Philippines,PHL,2021-01-16,12.387333
Philippines,PHL,2021-01-17,16.156683
Philippines,PHL,2021-01-18,16.156683
Philippines,PHL,2021-01-19,16.156683
Philippines,PHL,2021-01-20,16.156683
Philippines,PHL,2021-01-21,16.156683
Philippines,PHL,2021-01-22,16.156683
Philippines,PHL,2021-01-23,16.156683
Philippines,PHL,2021-01-24,16.353487
Philippines,PHL,2021-01-25,16.353487
Philippines,PHL,2021-01-26,16.353487
Philippines,PHL,2021-01-27,16.353487
Philippines,PHL,2021-01-28,16.353487
Philippines,PHL,2021-01-29,16.353487
Philippines,PHL,2021-01-30,16.353487
Philippines,PHL,2021-01-31,15.036032
Philippines,PHL,2021-02-01,15.036032
Philippines,PHL,2021-02-02,15.036032
Philippines,PHL,2021-02-03,15.036032
Philippines,PHL,2021-02-04,15.036032
Philippines,PHL,2021-02-05,15.036032
Philippines,PHL,2021-02-06,15.036032
Philippines,PHL,2021-02-07,14.65496
Philippines,PHL,2021-02-08,14.65496
Philippines,PHL,2021-02-09,14.65496
Philippines,PHL,2021-02-10,14.65496
Philippines,PHL,2021-02-11,14.65496
Philippines,PHL,2021-02-12,14.65496
Philippines,PHL,2021-02-13,14.65496
Philippines,PHL,2021-02-14,14.879341
Philippines,PHL,2021-02-15,14.879341
Philippines,PHL,2021-02-16,14.879341
Philippines,PHL,2021-02-17,14.879341
Philippines,PHL,2021-02-18,14.879341
Philippines,PHL,2021-02-19,14.879341
Philippines,PHL,2021-02-20,14.879341
Philippines,PHL,2021-02-21,15.0335245
Philippines,PHL,2021-02-22,15.0335245
Philippines,PHL,2021-02-23,15.0335245
Philippines,PHL,2021-02-24,15.0335245
Philippines,PHL,2021-02-25,15.0335245
Philippines,PHL,2021-02-26,15.0335245
Philippines,PHL,2021-02-27,15.0335245
Philippines,PHL,2021-02-28,19.023495
Philippines,PHL,2021-03-01,19.023495
Philippines,PHL,2021-03-02,19.023495
Philippines,PHL,2021-03-03,19.023495
Philippines,PHL,2021-03-04,19.023495
Philippines,PHL,2021-03-05,19.023495
Philippines,PHL,2021-03-06,19.023495
Philippines,PHL,2021-03-07,22.64242
Philippines,PHL,2021-03-08,22.64242
Philippines,PHL,2021-03-09,22.64242
Philippines,PHL,2021-03-10,22.64242
Philippines,PHL,2021-03-11,22.64242
Philippines,PHL,2021-03-12,22.64242
Philippines,PHL,2021-03-13,22.64242
Philippines,PHL,2021-03-14,33.947964
Philippines,PHL,2021-03-15,33.947964
Philippines,PHL,2021-03-16,33.947964
Philippines,PHL,2021-03-17,33.947964
Philippines,PHL,2021-03-18,33.947964
Philippines,PHL,2021-03-19,33.947964
Philippines,PHL,2021-03-20,33.947964
Philippines,PHL,2021-03-21,53.004047
Philippines,PHL,2021-03-22,53.004047
Philippines,PHL,2021-03-23,53.004047
Philippines,PHL,2021-03-24,53.004047
Philippines,PHL,2021-03-25,53.004047
Philippines,PHL,2021-03-26,53.004047
Philippines,PHL,2021-03-27,53.004047
Philippines,PHL,2021-03-28,72.83607
Philippines,PHL,2021-03-29,72.83607
Philippines,PHL,2021-03-30,72.83607
Philippines,PHL,2021-03-31,72.83607
Philippines,PHL,2021-04-01,72.83607
Philippines,PHL,2021-04-02,72.83607
Philippines,PHL,2021-04-03,72.83607
Philippines,PHL,2021-04-04,91.71415
Philippines,PHL,2021-04-05,91.71415
Philippines,PHL,2021-04-06,91.71415
Philippines,PHL,2021-04-07,91.71415
Philippines,PHL,2021-04-08,91.71415
Philippines,PHL,2021-04-09,91.71415
Philippines,PHL,2021-04-10,91.71415
Philippines,PHL,2021-04-11,87.50105
Philippines,PHL,2021-04-12,87.50105
Philippines,PHL,2021-04-13,87.50105
Philippines,PHL,2021-04-14,87.50105
Philippines,PHL,2021-04-15,87.50105
Philippines,PHL,2021-04-16,87.50105
Philippines,PHL,2021-04-17,87.50105
Philippines,PHL,2021-04-18,89.33872
Philippines,PHL,2021-04-19,89.33872
Philippines,PHL,2021-04-20,89.33872
Philippines,PHL,2021-04-21,89.33872
Philippines,PHL,2021-04-22,89.33872
Philippines,PHL,2021-04-23,89.33872
Philippines,PHL,2021-04-24,89.33872
Philippines,PHL,2021-04-25,76.94387
Philippines,PHL,2021-04-26,76.94387
Philippines,PHL,2021-04-27,76.94387
Philippines,PHL,2021-04-28,76.94387
Philippines,PHL,2021-04-29,76.94387
Philippines,PHL,2021-04-30,76.94387
Philippines,PHL,2021-05-01,76.94387
Philippines,PHL,2021-05-02,72.04133
Philippines,PHL,2021-05-03,72.04133
Philippines,PHL,2021-05-04,72.04133
Philippines,PHL,2021-05-05,72.04133
Philippines,PHL,2021-05-06,72.04133
Philippines,PHL,2021-05-07,72.04133
Philippines,PHL,2021-05-08,72.04133
Philippines,PHL,2021-05-09,58.928207
Philippines,PHL,2021-05-10,58.928207
Philippines,PHL,2021-05-11,58.928207
Philippines,PHL,2021-05-12,58.928207
Philippines,PHL,2021-05-13,58.928207
Philippines,PHL,2021-05-14,58.928207
Philippines,PHL,2021-05-15,58.928207
Philippines,PHL,2021-05-16,52.605427
Philippines,PHL,2021-05-17,52.605427
Philippines,PHL,2021-05-18,52.605427
Philippines,PHL,2021-05-19,52.605427
Philippines,PHL,2021-05-20,52.605427
Philippines,PHL,2021-05-21,52.605427
Philippines,PHL,2021-05-22,52.605427
Philippines,PHL,2021-05-23,44.932602
Philippines,PHL,2021-05-24,44.932602
Philippines,PHL,2021-05-25,44.932602
Philippines,PHL,2021-05-26,44.932602
Philippines,PHL,2021-05-27,44.932602
Philippines,PHL,2021-05-28,44.932602
Philippines,PHL,2021-05-29,44.932602
Philippines,PHL,2021-05-30,54.936985
Philippines,PHL,2021-05-31,54.936985
Philippines,PHL,2021-06-01,54.936985
Philippines,PHL,2021-06-02,54.936985
Philippines,PHL,2021-06-03,54.936985
Philippines,PHL,2021-06-04,54.936985
Philippines,PHL,2021-06-05,54.936985
Philippines,PHL,2021-06-06,57.47161
Philippines,PHL,2021-06-07,57.47161
Philippines,PHL,2021-06-08,57.47161
Philippines,PHL,2021-06-09,57.47161
Philippines,PHL,2021-06-10,57.47161
Philippines,PHL,2021-06-11,57.47161
Philippines,PHL,2021-06-12,57.47161
Philippines,PHL,2021-06-13,57.86522
Philippines,PHL,2021-06-14,57.86522
Philippines,PHL,2021-06-15,57.86522
Philippines,PHL,2021-06-16,57.86522
Philippines,PHL,2021-06-17,57.86522
Philippines,PHL,2021-06-18,57.86522
Philippines,PHL,2021-06-19,57.86522
Philippines,PHL,2021-06-20,54.3566
Philippines,PHL,2021-06-21,54.3566
Philippines,PHL,2021-06-22,54.3566
Philippines,PHL,2021-06-23,54.3566
Philippines,PHL,2021-06-24,54.3566
Philippines,PHL,2021-06-25,54.3566
Philippines,PHL,2021-06-26,54.3566
Philippines,PHL,2021-06-27,48.87995
Philippines,PHL,2021-06-28,48.87995
Philippines,PHL,2021-06-29,48.87995
Philippines,PHL,2021-06-30,48.87995
Philippines,PHL,2021-07-01,48.87995
Philippines,PHL,2021-07-02,48.87995
Philippines,PHL,2021-07-03,48.87995
Philippines,PHL,2021-07-04,48.09775
Philippines,PHL,2021-07-05,48.09775
Philippines,PHL,2021-07-06,48.09775
Philippines,PHL,2021-07-07,48.09775
Philippines,PHL,2021-07-08,48.09775
Philippines,PHL,2021-07-09,48.09775
Philippines,PHL,2021-07-10,48.09775
Philippines,PHL,2021-07-11,45.764942
Philippines,PHL,2021-07-12,45.764942
Philippines,PHL,2021-07-13,45.764942
Philippines,PHL,2021-07-14,45.764942
Philippines,PHL,2021-07-15,45.764942
Philippines,PHL,2021-07-16,45.764942
Philippines,PHL,2021-07-17,45.764942
Philippines,PHL,2021-07-18,43.725456
Philippines,PHL,2021-07-19,43.725456
Philippines,PHL,2021-07-20,43.725456
Philippines,PHL,2021-07-21,43.725456
Philippines,PHL,2021-07-22,43.725456
Philippines,PHL,2021-07-23,43.725456
Philippines,PHL,2021-07-24,43.725456
Philippines,PHL,2021-07-25,51.378227
Philippines,PHL,2021-07-26,51.378227
Philippines,PHL,2021-07-27,51.378227
Philippines,PHL,2021-07-28,51.378227
Philippines,PHL,2021-07-29,51.378227
Philippines,PHL,2021-07-30,51.378227
Philippines,PHL,2021-07-31,51.378227
Philippines,PHL,2021-08-01,61.250988
Philippines,PHL,2021-08-02,61.250988
Philippines,PHL,2021-08-03,61.250988
Philippines,PHL,2021-08-04,61.250988
Philippines,PHL,2021-08-05,61.250988
Philippines,PHL,2021-08-06,61.250988
Philippines,PHL,2021-08-07,61.250988
Philippines,PHL,2021-08-08,76.73954
Philippines,PHL,2021-08-09,76.73954
Philippines,PHL,2021-08-10,76.73954
Philippines,PHL,2021-08-11,76.73954
Philippines,PHL,2021-08-12,76.73954
Philippines,PHL,2021-08-13,76.73954
Philippines,PHL,2021-08-14,76.73954
Philippines,PHL,2021-08-15,103.31803
Philippines,PHL,2021-08-16,103.31803
Philippines,PHL,2021-08-17,103.31803
Philippines,PHL,2021-08-18,103.31803
Philippines,PHL,2021-08-19,103.31803
Philippines,PHL,2021-08-20,103.31803
Philippines,PHL,2021-08-21,103.31803
Philippines,PHL,2021-08-22,122.943214
Philippines,PHL,2021-08-23,122.943214
Philippines,PHL,2021-08-24,122.943214
Philippines,PHL,2021-08-25,122.943214
Philippines,PHL,2021-08-26,122.943214
Philippines,PHL,2021-08-27,122.943214
Philippines,PHL,2021-08-28,122.943214
Philippines,PHL,2021-08-29,143.55618
Philippines,PHL,2021-08-30,143.55618
Philippines,PHL,2021-08-31,143.55618
Philippines,PHL,2021-09-01,143.55618
Philippines,PHL,2021-09-02,143.55618
Philippines,PHL,2021-09-03,143.55618
Philippines,PHL,2021-09-04,143.55618
Philippines,PHL,2021-09-05,159.29794
Philippines,PHL,2021-09-06,159.29794
Philippines,PHL,2021-09-07,159.29794
Philippines,PHL,2021-09-08,159.29794
Philippines,PHL,2021-09-09,159.29794
Philippines,PHL,2021-09-10,159.29794
Philippines,PHL,2021-09-11,159.29794
Philippines,PHL,2021-09-12,183.52858
Philippines,PHL,2021-09-13,183.52858
Philippines,PHL,2021-09-14,183.52858
Philippines,PHL,2021-09-15,183.52858
Philippines,PHL,2021-09-16,183.52858
Philippines,PHL,2021-09-17,183.52858
Philippines,PHL,2021-09-18,183.52858
Philippines,PHL,2021-09-19,174.68246
Philippines,PHL,2021-09-20,174.68246
Philippines,PHL,2021-09-21,174.68246
Philippines,PHL,2021-09-22,174.68246
Philippines,PHL,2021-09-23,174.68246
Philippines,PHL,2021-09-24,174.68246
Philippines,PHL,2021-09-25,174.68246
Philippines,PHL,2021-09-26,155.58751
Philippines,PHL,2021-09-27,155.58751
Philippines,PHL,2021-09-28,155.58751
Philippines,PHL,2021-09-29,155.58751
Philippines,PHL,2021-09-30,155.58751
Philippines,PHL,2021-10-01,155.58751
Philippines,PHL,2021-10-02,155.58751
Philippines,PHL,2021-10-03,128.47752
Philippines,PHL,2021-10-04,128.47752
Philippines,PHL,2021-10-05,128.47752
Philippines,PHL,2021-10-06,128.47752
Philippines,PHL,2021-10-07,128.47752
Philippines,PHL,2021-10-08,128.47752
Philippines,PHL,2021-10-09,128.47752
Philippines,PHL,2021-10-10,91.79563
Philippines,PHL,2021-10-11,91.79563
Philippines,PHL,2021-10-12,91.79563
Philippines,PHL,2021-10-13,91.79563
Philippines,PHL,2021-10-14,91.79563
Philippines,PHL,2021-10-15,91.79563
Philippines,PHL,2021-10-16,91.79563
Philippines,PHL,2021-10-17,67.465965
Philippines,PHL,2021-10-18,67.465965
Philippines,PHL,2021-10-19,67.465965
Philippines,PHL,2021-10-20,67.465965
Philippines,PHL,2021-10-21,67.465965
Philippines,PHL,2021-10-22,67.465965
Philippines,PHL,2021-10-23,67.465965
Philippines,PHL,2021-10-24,45.827618
Philippines,PHL,2021-10-25,45.827618
Philippines,PHL,2021-10-26,45.827618
Philippines,PHL,2021-10-27,45.827618
Philippines,PHL,2021-10-28,45.827618
Philippines,PHL,2021-10-29,45.827618
Philippines,PHL,2021-10-30,45.827618
Philippines,PHL,2021-10-31,38.052002
Philippines,PHL,2021-11-01,38.052002
Philippines,PHL,2021-11-02,38.052002
Philippines,PHL,2021-11-03,38.052002
Philippines,PHL,2021-11-04,38.052002
Philippines,PHL,2021-11-05,38.052002
Philippines,PHL,2021-11-06,38.052002
Philippines,PHL,2021-11-07,19.99247
Philippines,PHL,2021-11-08,19.99247
Philippines,PHL,2021-11-09,19.99247
Philippines,PHL,2021-11-10,19.99247
Philippines,PHL,2021-11-11,19.99247
Philippines,PHL,2021-11-12,19.99247
Philippines,PHL,2021-11-13,19.99247
Philippines,PHL,2021-11-14,17.244741
Philippines,PHL,2021-11-15,17.244741
Philippines,PHL,2021-11-16,17.244741
Philippines,PHL,2021-11-17,17.244741
Philippines,PHL,2021-11-18,17.244741
Philippines,PHL,2021-11-19,17.244741
Philippines,PHL,2021-11-20,17.244741
Philippines,PHL,2021-11-21,11.16264
Philippines,PHL,2021-11-22,11.16264
Philippines,PHL,2021-11-23,11.16264
Philippines,PHL,2021-11-24,11.16264
Philippines,PHL,2021-11-25,11.16264
Philippines,PHL,2021-11-26,11.16264
Philippines,PHL,2021-11-27,11.16264
Philippines,PHL,2021-11-28,7.321839
Philippines,PHL,2021-11-29,7.321839
Philippines,PHL,2021-11-30,7.321839
Philippines,PHL,2021-12-01,7.321839
Philippines,PHL,2021-12-02,7.321839
Philippines,PHL,2021-12-03,7.321839
Philippines,PHL,2021-12-04,7.321839
Philippines,PHL,2021-12-05,3.6364758
Philippines,PHL,2021-12-06,3.6364758
Philippines,PHL,2021-12-07,3.6364758
Philippines,PHL,2021-12-08,3.6364758
Philippines,PHL,2021-12-09,3.6364758
Philippines,PHL,2021-12-10,3.6364758
Philippines,PHL,2021-12-11,3.6364758
Philippines,PHL,2021-12-12,2.2964578
Philippines,PHL,2021-12-13,2.2964578
Philippines,PHL,2021-12-14,2.2964578
Philippines,PHL,2021-12-15,2.2964578
Philippines,PHL,2021-12-16,2.2964578
Philippines,PHL,2021-12-17,2.2964578
Philippines,PHL,2021-12-18,2.2964578
Philippines,PHL,2021-12-19,1.2773418
Philippines,PHL,2021-12-20,1.2773418
Philippines,PHL,2021-12-21,1.2773418
Philippines,PHL,2021-12-22,1.2773418
Philippines,PHL,2021-12-23,1.2773418
Philippines,PHL,2021-12-24,1.2773418
Philippines,PHL,2021-12-25,1.2773418
Philippines,PHL,2021-12-26,1.2685672
Philippines,PHL,2021-12-27,1.2685672
Philippines,PHL,2021-12-28,1.2685672
Philippines,PHL,2021-12-29,1.2685672
Philippines,PHL,2021-12-30,1.2685672
Philippines,PHL,2021-12-31,1.2685672
Philippines,PHL,2022-01-01,1.2685672
Philippines,PHL,2022-01-02,16.622993
Philippines,PHL,2022-01-03,16.622993
Philippines,PHL,2022-01-04,16.622993
Philippines,PHL,2022-01-05,16.622993
Philippines,PHL,2022-01-06,16.622993
Philippines,PHL,2022-01-07,16.622993
Philippines,PHL,2022-01-08,16.622993
Philippines,PHL,2022-01-09,142.43303
Philippines,PHL,2022-01-10,142.43303
Philippines,PHL,2022-01-11,142.43303
Philippines,PHL,2022-01-12,142.43303
Philippines,PHL,2022-01-13,142.43303
Philippines,PHL,2022-01-14,142.43303
Philippines,PHL,2022-01-15,142.43303
Philippines,PHL,2022-01-16,300.77454
Philippines,PHL,2022-01-17,300.77454
Philippines,PHL,2022-01-18,300.77454
Philippines,PHL,2022-01-19,300.77454
Philippines,PHL,2022-01-20,300.77454
Philippines,PHL,2022-01-21,300.77454
Philippines,PHL,2022-01-22,300.77454
Philippines,PHL,2022-01-23,265.51413
Philippines,PHL,2022-01-24,265.51413
Philippines,PHL,2022-01-25,265.51413
Philippines,PHL,2022-01-26,265.51413
Philippines,PHL,2022-01-27,265.51413
Philippines,PHL,2022-01-28,265.51413
Philippines,PHL,2022-01-29,265.51413
Philippines,PHL,2022-01-30,161.12558
Philippines,PHL,2022-01-31,161.12558
Philippines,PHL,2022-02-01,161.12558
Philippines,PHL,2022-02-02,161.12558
Philippines,PHL,2022-02-03,161.12558
Philippines,PHL,2022-02-04,161.12558
Philippines,PHL,2022-02-05,161.12558
Philippines,PHL,2022-02-06,80.09523
Philippines,PHL,2022-02-07,80.09523
Philippines,PHL,2022-02-08,80.09523
Philippines,PHL,2022-02-09,80.09523
Philippines,PHL,2022-02-10,80.09523
Philippines,PHL,2022-02-11,80.09523
Philippines,PHL,2022-02-12,80.09523
Philippines,PHL,2022-02-13,34.6725
Philippines,PHL,2022-02-14,34.6725
Philippines,PHL,2022-02-15,34.6725
Philippines,PHL,2022-02-16,34.6725
Philippines,PHL,2022-02-17,34.6725
Philippines,PHL,2022-02-18,34.6725
Philippines,PHL,2022-02-19,34.6725
Philippines,PHL,2022-02-20,18.661226
Philippines,PHL,2022-02-21,18.661226
Philippines,PHL,2022-02-22,18.661226
Philippines,PHL,2022-02-23,18.661226
Philippines,PHL,2022-02-24,18.661226
Philippines,PHL,2022-02-25,18.661226
Philippines,PHL,2022-02-26,18.661226
Philippines,PHL,2022-02-27,11.215287
Philippines,PHL,2022-02-28,11.215287
Philippines,PHL,2022-03-01,11.215287
Philippines,PHL,2022-03-02,11.215287
Philippines,PHL,2022-03-03,11.215287
Philippines,PHL,2022-03-04,11.215287
Philippines,PHL,2022-03-05,11.215287
Philippines,PHL,2022-03-06,8.134123
Philippines,PHL,2022-03-07,8.134123
Philippines,PHL,2022-03-08,8.134123
Philippines,PHL,2022-03-09,8.134123
Philippines,PHL,2022-03-10,8.134123
Philippines,PHL,2022-03-11,8.134123
Philippines,PHL,2022-03-12,8.134123
Philippines,PHL,2022-03-13,4.016294
Philippines,PHL,2022-03-14,4.016294
Philippines,PHL,2022-03-15,4.016294
Philippines,PHL,2022-03-16,4.016294
Philippines,PHL,2022-03-17,4.016294
Philippines,PHL,2022-03-18,4.016294
Philippines,PHL,2022-03-19,4.016294
Philippines,PHL,2022-03-20,4.437478
Philippines,PHL,2022-03-21,4.437478
Philippines,PHL,2022-03-22,4.437478
Philippines,PHL,2022-03-23,4.437478
Philippines,PHL,2022-03-24,4.437478
Philippines,PHL,2022-03-25,4.437478
Philippines,PHL,2022-03-26,4.437478
Philippines,PHL,2022-03-27,3.3970525
Philippines,PHL,2022-03-28,3.3970525
Philippines,PHL,2022-03-29,3.3970525
Philippines,PHL,2022-03-30,3.3970525
Philippines,PHL,2022-03-31,3.3970525
Philippines,PHL,2022-04-01,3.3970525
Philippines,PHL,2022-04-02,3.3970525
Philippines,PHL,2022-04-03,2.7402055
Philippines,PHL,2022-04-04,2.7402055
Philippines,PHL,2022-04-05,2.7402055
Philippines,PHL,2022-04-06,2.7402055
Philippines,PHL,2022-04-07,2.7402055
Philippines,PHL,2022-04-08,2.7402055
Philippines,PHL,2022-04-09,2.7402055
Philippines,PHL,2022-04-10,2.345345
Philippines,PHL,2022-04-11,2.345345
Philippines,PHL,2022-04-12,2.345345
Philippines,PHL,2022-04-13,2.345345
Philippines,PHL,2022-04-14,2.345345
Philippines,PHL,2022-04-15,2.345345
Philippines,PHL,2022-04-16,2.345345
Philippines,PHL,2022-04-17,2.0645556
Philippines,PHL,2022-04-18,2.0645556
Philippines,PHL,2022-04-19,2.0645556
Philippines,PHL,2022-04-20,2.0645556
Philippines,PHL,2022-04-21,2.0645556
Philippines,PHL,2022-04-22,2.0645556
Philippines,PHL,2022-04-23,2.0645556
Philippines,PHL,2022-04-24,1.8013153
Philippines,PHL,2022-04-25,1.8013153
Philippines,PHL,2022-04-26,1.8013153
Philippines,PHL,2022-04-27,1.8013153
Philippines,PHL,2022-04-28,1.8013153
Philippines,PHL,2022-04-29,1.8013153
Philippines,PHL,2022-04-30,1.8013153
Philippines,PHL,2022-05-01,1.7261038
Philippines,PHL,2022-05-02,1.7261038
Philippines,PHL,2022-05-03,1.7261038
Philippines,PHL,2022-05-04,1.7261038
Philippines,PHL,2022-05-05,1.7261038
Philippines,PHL,2022-05-06,1.7261038
Philippines,PHL,2022-05-07,1.7261038
Philippines,PHL,2022-05-08,1.4001874
Philippines,PHL,2022-05-09,1.4001874
Philippines,PHL,2022-05-10,1.4001874
Philippines,PHL,2022-05-11,1.4001874
Philippines,PHL,2022-05-12,1.4001874
Philippines,PHL,2022-05-13,1.4001874
Philippines,PHL,2022-05-14,1.4001874
Philippines,PHL,2022-05-15,1.3851451
Philippines,PHL,2022-05-16,1.3851451
Philippines,PHL,2022-05-17,1.3851451
Philippines,PHL,2022-05-18,1.3851451
Philippines,PHL,2022-05-19,1.3851451
Philippines,PHL,2022-05-20,1.3851451
Philippines,PHL,2022-05-21,1.3851451
Philippines,PHL,2022-05-22,1.5192722
Philippines,PHL,2022-05-23,1.5192722
Philippines,PHL,2022-05-24,1.5192722
Philippines,PHL,2022-05-25,1.5192722
Philippines,PHL,2022-05-26,1.5192722
Philippines,PHL,2022-05-27,1.5192722
Philippines,PHL,2022-05-28,1.5192722
Philippines,PHL,2022-05-29,1.6458782
Philippines,PHL,2022-05-30,1.6458782
Philippines,PHL,2022-05-31,1.6458782
Philippines,PHL,2022-06-01,1.6458782
Philippines,PHL,2022-06-02,1.6458782
Philippines,PHL,2022-06-03,1.6458782
Philippines,PHL,2022-06-04,1.6458782
Philippines,PHL,2022-06-05,1.6183007
Philippines,PHL,2022-06-06,1.6183007
Philippines,PHL,2022-06-07,1.6183007
Philippines,PHL,2022-06-08,1.6183007
Philippines,PHL,2022-06-09,1.6183007
Philippines,PHL,2022-06-10,1.6183007
Philippines,PHL,2022-06-11,1.6183007
Philippines,PHL,2022-06-12,2.1021614
Philippines,PHL,2022-06-13,2.1021614
Philippines,PHL,2022-06-14,2.1021614
Philippines,PHL,2022-06-15,2.1021614
Philippines,PHL,2022-06-16,2.1021614
Philippines,PHL,2022-06-17,2.1021614
Philippines,PHL,2022-06-18,2.1021614
Philippines,PHL,2022-06-19,3.813223
Philippines,PHL,2022-06-20,3.813223
Philippines,PHL,2022-06-21,3.813223
Philippines,PHL,2022-06-22,3.813223
Philippines,PHL,2022-06-23,3.813223
Philippines,PHL,2022-06-24,3.813223
Philippines,PHL,2022-06-25,3.813223
Philippines,PHL,2022-06-26,5.781257
Philippines,PHL,2022-06-27,5.781257
Philippines,PHL,2022-06-28,5.781257
Philippines,PHL,2022-06-29,5.781257
Philippines,PHL,2022-06-30,5.781257
Philippines,PHL,2022-07-01,5.781257
Philippines,PHL,2022-07-02,5.781257
Philippines,PHL,2022-07-03,7.6114035
Philippines,PHL,2022-07-04,7.6114035
Philippines,PHL,2022-07-05,7.6114035
Philippines,PHL,2022-07-06,7.6114035
Philippines,PHL,2022-07-07,7.6114035
Philippines,PHL,2022-07-08,7.6114035
Philippines,PHL,2022-07-09,7.6114035
Philippines,PHL,2022-07-10,11.90974
Philippines,PHL,2022-07-11,11.90974
Philippines,PHL,2022-07-12,11.90974
Philippines,PHL,2022-07-13,11.90974
Philippines,PHL,2022-07-14,11.90974
Philippines,PHL,2022-07-15,11.90974
Philippines,PHL,2022-07-16,11.90974
Philippines,PHL,2022-07-17,17.664673
Philippines,PHL,2022-07-18,17.664673
Philippines,PHL,2022-07-19,17.664673
Philippines,PHL,2022-07-20,17.664673
Philippines,PHL,2022-07-21,17.664673
Philippines,PHL,2022-07-22,17.664673
Philippines,PHL,2022-07-23,17.664673
Philippines,PHL,2022-07-24,22.984632
Philippines,PHL,2022-07-25,22.984632
Philippines,PHL,2022-07-26,22.984632
Philippines,PHL,2022-07-27,22.984632
Philippines,PHL,2022-07-28,22.984632
Philippines,PHL,2022-07-29,22.984632
Philippines,PHL,2022-07-30,22.984632
Philippines,PHL,2022-07-31,29.571907
Philippines,PHL,2022-08-01,29.571907
Philippines,PHL,2022-08-02,29.571907
Philippines,PHL,2022-08-03,29.571907
Philippines,PHL,2022-08-04,29.571907
Philippines,PHL,2022-08-05,29.571907
Philippines,PHL,2022-08-06,29.571907
Philippines,PHL,2022-08-07,33.6772
Philippines,PHL,2022-08-08,33.6772
Philippines,PHL,2022-08-09,33.6772
Philippines,PHL,2022-08-10,33.6772
Philippines,PHL,2022-08-11,33.6772
Philippines,PHL,2022-08-12,33.6772
Philippines,PHL,2022-08-13,33.6772
Philippines,PHL,2022-08-14,35.631447
Philippines,PHL,2022-08-15,35.631447
Philippines,PHL,2022-08-16,35.631447
Philippines,PHL,2022-08-17,35.631447
Philippines,PHL,2022-08-18,35.631447
Philippines,PHL,2022-08-19,35.631447
Philippines,PHL,2022-08-20,35.631447
Philippines,PHL,2022-08-21,30.588514
Philippines,PHL,2022-08-22,30.588514
Philippines,PHL,2022-08-23,30.588514
Philippines,PHL,2022-08-24,30.588514
Philippines,PHL,2022-08-25,30.588514
Philippines,PHL,2022-08-26,30.588514
Philippines,PHL,2022-08-27,30.588514
Philippines,PHL,2022-08-28,25.27357
Philippines,PHL,2022-08-29,25.27357
Philippines,PHL,2022-08-30,25.27357
Philippines,PHL,2022-08-31,25.27357
Philippines,PHL,2022-09-01,25.27357
Philippines,PHL,2022-09-02,25.27357
Philippines,PHL,2022-09-03,25.27357
Philippines,PHL,2022-09-04,21.026627
Philippines,PHL,2022-09-05,21.026627
Philippines,PHL,2022-09-06,21.026627
Philippines,PHL,2022-09-07,21.026627
Philippines,PHL,2022-09-08,21.026627
Philippines,PHL,2022-09-09,21.026627
Philippines,PHL,2022-09-10,21.026627
Philippines,PHL,2022-09-11,21.510489
Philippines,PHL,2022-09-12,21.510489
Philippines,PHL,2022-09-13,21.510489
Philippines,PHL,2022-09-14,21.510489
Philippines,PHL,2022-09-15,21.510489
Philippines,PHL,2022-09-16,21.510489
Philippines,PHL,2022-09-17,21.510489
Philippines,PHL,2022-09-18,15.128792
Philippines,PHL,2022-09-19,15.128792
Philippines,PHL,2022-09-20,15.128792
Philippines,PHL,2022-09-21,15.128792
Philippines,PHL,2022-09-22,15.128792
Philippines,PHL,2022-09-23,15.128792
Philippines,PHL,2022-09-24,15.128792
Philippines,PHL,2022-09-25,20.503906
Philippines,PHL,2022-09-26,20.503906
Philippines,PHL,2022-09-27,20.503906
Philippines,PHL,2022-09-28,20.503906
Philippines,PHL,2022-09-29,20.503906
Philippines,PHL,2022-09-30,20.503906
Philippines,PHL,2022-10-01,20.503906
Philippines,PHL,2022-10-02,21.417727
Philippines,PHL,2022-10-03,21.417727
Philippines,PHL,2022-10-04,21.417727
Philippines,PHL,2022-10-05,21.417727
Philippines,PHL,2022-10-06,21.417727
Philippines,PHL,2022-10-07,21.417727
Philippines,PHL,2022-10-08,21.417727
Philippines,PHL,2022-10-09,17.543081
Philippines,PHL,2022-10-10,17.543081
Philippines,PHL,2022-10-11,17.543081
Philippines,PHL,2022-10-12,17.543081
Philippines,PHL,2022-10-13,17.543081
Philippines,PHL,2022-10-14,17.543081
Philippines,PHL,2022-10-15,17.543081
Philippines,PHL,2022-10-16,18.65245
Philippines,PHL,2022-10-17,18.65245
Philippines,PHL,2022-10-18,18.65245
Philippines,PHL,2022-10-19,18.65245
Philippines,PHL,2022-10-20,18.65245
Philippines,PHL,2022-10-21,18.65245
Philippines,PHL,2022-10-22,18.65245
Philippines,PHL,2022-10-23,15.549976
Philippines,PHL,2022-10-24,15.549976
Philippines,PHL,2022-10-25,15.549976
Philippines,PHL,2022-10-26,15.549976
Philippines,PHL,2022-10-27,15.549976
Philippines,PHL,2022-10-28,15.549976
Philippines,PHL,2022-10-29,15.549976
Philippines,PHL,2022-10-30,11.331865
Philippines,PHL,2022-10-31,11.331865
Philippines,PHL,2022-11-01,11.331865
Philippines,PHL,2022-11-02,11.331865
Philippines,PHL,2022-11-03,11.331865
Philippines,PHL,2022-11-04,11.331865
Philippines,PHL,2022-11-05,11.331865
Philippines,PHL,2022-11-06,7.981193
Philippines,PHL,2022-11-07,7.981193
Philippines,PHL,2022-11-08,7.981193
Philippines,PHL,2022-11-09,7.981193
Philippines,PHL,2022-11-10,7.981193
Philippines,PHL,2022-11-11,7.981193
Philippines,PHL,2022-11-12,7.981193
Philippines,PHL,2022-11-13,9.951735
Philippines,PHL,2022-11-14,9.951735
Philippines,PHL,2022-11-15,9.951735
Philippines,PHL,2022-11-16,9.951735
Philippines,PHL,2022-11-17,9.951735
Philippines,PHL,2022-11-18,9.951735
Philippines,PHL,2022-11-19,9.951735
Philippines,PHL,2022-11-20,10.603567
Philippines,PHL,2022-11-21,10.603567
Philippines,PHL,2022-11-22,10.603567
Philippines,PHL,2022-11-23,10.603567
Philippines,PHL,2022-11-24,10.603567
Philippines,PHL,2022-11-25,10.603567
Philippines,PHL,2022-11-26,10.603567
Philippines,PHL,2022-11-27,9.403944
Philippines,PHL,2022-11-28,9.403944
Philippines,PHL,2022-11-29,9.403944
Philippines,PHL,2022-11-30,9.403944
Philippines,PHL,2022-12-01,9.403944
Philippines,PHL,2022-12-02,9.403944
Philippines,PHL,2022-12-03,9.403944
Philippines,PHL,2022-12-04,9.393916
Philippines,PHL,2022-12-05,9.393916
Philippines,PHL,2022-12-06,9.393916
Philippines,PHL,2022-12-07,9.393916
Philippines,PHL,2022-12-08,9.393916
Philippines,PHL,2022-12-09,9.393916
Philippines,PHL,2022-12-10,9.393916
Philippines,PHL,2022-12-11,10.1009035
Philippines,PHL,2022-12-12,10.1009035
Philippines,PHL,2022-12-13,10.1009035
Philippines,PHL,2022-12-14,10.1009035
Philippines,PHL,2022-12-15,10.1009035
Philippines,PHL,2022-12-16,10.1009035
Philippines,PHL,2022-12-17,10.1009035
Philippines,PHL,2022-12-18,9.223436
Philippines,PHL,2022-12-19,9.223436
Philippines,PHL,2022-12-20,9.223436
Philippines,PHL,2022-12-21,9.223436
Philippines,PHL,2022-12-22,9.223436
Philippines,PHL,2022-12-23,9.223436
Philippines,PHL,2022-12-24,9.223436
Philippines,PHL,2022-12-25,5.143213
Philippines,PHL,2022-12-26,5.143213
Philippines,PHL,2022-12-27,5.143213
Philippines,PHL,2022-12-28,5.143213
Philippines,PHL,2022-12-29,5.143213
Philippines,PHL,2022-12-30,5.143213
Philippines,PHL,2022-12-31,5.143213
Philippines,PHL,2023-01-01,4.124097
Philippines,PHL,2023-01-02,4.124097
Philippines,PHL,2023-01-03,4.124097
Philippines,PHL,2023-01-04,4.124097
Philippines,PHL,2023-01-05,4.124097
Philippines,PHL,2023-01-06,4.124097
Philippines,PHL,2023-01-07,4.124097
Philippines,PHL,2023-01-08,5.7060456
Philippines,PHL,2023-01-09,5.7060456
Philippines,PHL,2023-01-10,5.7060456
Philippines,PHL,2023-01-11,5.7060456
Philippines,PHL,2023-01-12,5.7060456
Philippines,PHL,2023-01-13,5.7060456
Philippines,PHL,2023-01-14,5.7060456
Philippines,PHL,2023-01-15,3.5061092
Philippines,PHL,2023-01-16,3.5061092
Philippines,PHL,2023-01-17,3.5061092
Philippines,PHL,2023-01-18,3.5061092
Philippines,PHL,2023-01-19,3.5061092
Philippines,PHL,2023-01-20,3.5061092
Philippines,PHL,2023-01-21,3.5061092
Philippines,PHL,2023-01-22,1.9504848
Philippines,PHL,2023-01-23,1.9504848
Philippines,PHL,2023-01-24,1.9504848
Philippines,PHL,2023-01-25,1.9504848
Philippines,PHL,2023-01-26,1.9504848
Philippines,PHL,2023-01-27,1.9504848
Philippines,PHL,2023-01-28,1.9504848
Philippines,PHL,2023-01-29,1.480413
Philippines,PHL,2023-01-30,1.480413
Philippines,PHL,2023-01-31,1.480413
Philippines,PHL,2023-02-01,1.480413
Philippines,PHL,2023-02-02,1.480413
Philippines,PHL,2023-02-03,1.480413
Philippines,PHL,2023-02-04,1.480413
Philippines,PHL,2023-02-05,1.3099335
Philippines,PHL,2023-02-06,1.3099335
Philippines,PHL,2023-02-07,1.3099335
Philippines,PHL,2023-02-08,1.3099335
Philippines,PHL,2023-02-09,1.3099335
Philippines,PHL,2023-02-10,1.3099335
Philippines,PHL,2023-02-11,1.3099335
Philippines,PHL,2023-02-12,0.8498899
Philippines,PHL,2023-02-13,0.8498899
Philippines,PHL,2023-02-14,0.8498899
Philippines,PHL,2023-02-15,0.8498899
Philippines,PHL,2023-02-16,0.8498899
Philippines,PHL,2023-02-17,0.8498899
Philippines,PHL,2023-02-18,0.8498899
Philippines,PHL,2023-02-19,1.1457218
Philippines,PHL,2023-02-20,1.1457218
Philippines,PHL,2023-02-21,1.1457218
Philippines,PHL,2023-02-22,1.1457218
Philippines,PHL,2023-02-23,1.1457218
Philippines,PHL,2023-02-24,1.1457218
Philippines,PHL,2023-02-25,1.1457218
Philippines,PHL,2023-02-26,0.9251014
Philippines,PHL,2023-02-27,0.9251014
Philippines,PHL,2023-02-28,0.9251014
Philippines,PHL,2023-03-01,0.9251014
Philippines,PHL,2023-03-02,0.9251014
Philippines,PHL,2023-03-03,0.9251014
Philippines,PHL,2023-03-04,0.9251014
Philippines,PHL,2023-03-05,0.9251014
Philippines,PHL,2023-03-06,0.9251014
Philippines,PHL,2023-03-07,0.9251014
Philippines,PHL,2023-03-08,0.9251014
Philippines,PHL,2023-03-09,0.9251014
Philippines,PHL,2023-03-10,0.9251014
Philippines,PHL,2023-03-11,0.9251014
Philippines,PHL,2023-03-12,1.1156372
Philippines,PHL,2023-03-13,1.1156372
Philippines,PHL,2023-03-14,1.1156372
Philippines,PHL,2023-03-15,1.1156372
Philippines,PHL,2023-03-16,1.1156372
Philippines,PHL,2023-03-17,1.1156372
Philippines,PHL,2023-03-18,1.1156372
Philippines,PHL,2023-03-19,1.3299899
Philippines,PHL,2023-03-20,1.3299899
Philippines,PHL,2023-03-21,1.3299899
Philippines,PHL,2023-03-22,1.3299899
Philippines,PHL,2023-03-23,1.3299899
Philippines,PHL,2023-03-24,1.3299899
Philippines,PHL,2023-03-25,1.3299899
Philippines,PHL,2023-03-26,1.4578495
Philippines,PHL,2023-03-27,1.4578495
Philippines,PHL,2023-03-28,1.4578495
Philippines,PHL,2023-03-29,1.4578495
Philippines,PHL,2023-03-30,1.4578495
Philippines,PHL,2023-03-31,1.4578495
Philippines,PHL,2023-04-01,1.4578495
Philippines,PHL,2023-04-02,1.9316819
Philippines,PHL,2023-04-03,1.9316819
Philippines,PHL,2023-04-04,1.9316819
Philippines,PHL,2023-04-05,1.9316819
Philippines,PHL,2023-04-06,1.9316819
Philippines,PHL,2023-04-07,1.9316819
Philippines,PHL,2023-04-08,1.9316819
Philippines,PHL,2023-04-09,2.4920075
Philippines,PHL,2023-04-10,2.4920075
Philippines,PHL,2023-04-11,2.4920075
Philippines,PHL,2023-04-12,2.4920075
Philippines,PHL,2023-04-13,2.4920075
Philippines,PHL,2023-04-14,2.4920075
Philippines,PHL,2023-04-15,2.4920075
Philippines,PHL,2023-04-16,2.538388
Philippines,PHL,2023-04-17,2.538388
Philippines,PHL,2023-04-18,2.538388
Philippines,PHL,2023-04-19,2.538388
Philippines,PHL,2023-04-20,2.538388
Philippines,PHL,2023-04-21,2.538388
Philippines,PHL,2023-04-22,2.538388
Philippines,PHL,2023-04-23,3.0560937
Philippines,PHL,2023-04-24,3.0560937
Philippines,PHL,2023-04-25,3.0560937
Philippines,PHL,2023-04-26,3.0560937
Philippines,PHL,2023-04-27,3.0560937
Philippines,PHL,2023-04-28,3.0560937
Philippines,PHL,2023-04-29,3.0560937
Philippines,PHL,2023-04-30,4.876212
Philippines,PHL,2023-05-01,4.876212
Philippines,PHL,2023-05-02,4.876212
Philippines,PHL,2023-05-03,4.876212
Philippines,PHL,2023-05-04,4.876212
Philippines,PHL,2023-05-05,4.876212
Philippines,PHL,2023-05-06,4.876212
Philippines,PHL,2023-05-07,11.2992735
Philippines,PHL,2023-05-08,11.2992735
Philippines,PHL,2023-05-09,11.2992735
Philippines,PHL,2023-05-10,11.2992735
Philippines,PHL,2023-05-11,11.2992735
Philippines,PHL,2023-05-12,11.2992735
Philippines,PHL,2023-05-13,11.2992735
Philippines,PHL,2023-05-14,15.324342
Philippines,PHL,2023-05-15,15.324342
Philippines,PHL,2023-05-16,15.324342
Philippines,PHL,2023-05-17,15.324342
Philippines,PHL,2023-05-18,15.324342
Philippines,PHL,2023-05-19,15.324342
Philippines,PHL,2023-05-20,15.324342
Philippines,PHL,2023-05-21,15.823245
Philippines,PHL,2023-05-22,15.823245
Philippines,PHL,2023-05-23,15.823245
Philippines,PHL,2023-05-24,15.823245
Philippines,PHL,2023-05-25,15.823245
Philippines,PHL,2023-05-26,15.823245
Philippines,PHL,2023-05-27,15.823245
Philippines,PHL,2023-05-28,14.696326
Philippines,PHL,2023-05-29,14.696326
Philippines,PHL,2023-05-30,14.696326
Philippines,PHL,2023-05-31,14.696326
Philippines,PHL,2023-06-01,14.696326
Philippines,PHL,2023-06-02,14.696326
Philippines,PHL,2023-06-03,14.696326
Philippines,PHL,2023-06-04,12.145403
Philippines,PHL,2023-06-05,12.145403
Philippines,PHL,2023-06-06,12.145403
Philippines,PHL,2023-06-07,12.145403
Philippines,PHL,2023-06-08,12.145403
Philippines,PHL,2023-06-09,12.145403
Philippines,PHL,2023-06-10,12.145403
Philippines,PHL,2023-06-11,8.851139
Philippines,PHL,2023-06-12,8.851139
Philippines,PHL,2023-06-13,8.851139
Philippines,PHL,2023-06-14,8.851139
Philippines,PHL,2023-06-15,8.851139
Philippines,PHL,2023-06-16,8.851139
Philippines,PHL,2023-06-17,8.851139
Philippines,PHL,2023-06-18,5.5079885
Philippines,PHL,2023-06-19,5.5079885
Philippines,PHL,2023-06-20,5.5079885
Philippines,PHL,2023-06-21,5.5079885
Philippines,PHL,2023-06-22,5.5079885
Philippines,PHL,2023-06-23,5.5079885
Philippines,PHL,2023-06-24,5.5079885
Philippines,PHL,2023-06-25,4.571605
Philippines,PHL,2023-06-26,4.571605
Philippines,PHL,2023-06-27,4.571605
Philippines,PHL,2023-06-28,4.571605
Philippines,PHL,2023-06-29,4.571605
Philippines,PHL,2023-06-30,4.571605
Philippines,PHL,2023-07-01,4.571605
Philippines,PHL,2023-07-02,3.5662785
Philippines,PHL,2023-07-03,3.5662785
Philippines,PHL,2023-07-04,3.5662785
Philippines,PHL,2023-07-05,3.5662785
Philippines,PHL,2023-07-06,3.5662785
Philippines,PHL,2023-07-07,3.5662785
Philippines,PHL,2023-07-08,3.5662785
Philippines,PHL,2023-07-09,0.530241
Philippines,PHL,2023-07-10,0.530241
Philippines,PHL,2023-07-11,0.530241
Philippines,PHL,2023-07-12,0.530241
Philippines,PHL,2023-07-13,0.530241
Philippines,PHL,2023-07-14,0.530241
Philippines,PHL,2023-07-15,0.530241
Philippines,PHL,2023-07-16,3.1463475
Philippines,PHL,2023-07-17,3.1463475
Philippines,PHL,2023-07-18,3.1463475
Philippines,PHL,2023-07-19,3.1463475
Philippines,PHL,2023-07-20,3.1463475
Philippines,PHL,2023-07-21,3.1463475
Philippines,PHL,2023-07-22,3.1463475
Philippines,PHL,2023-07-23,2.4293313
Philippines,PHL,2023-07-24,2.4293313
Philippines,PHL,2023-07-25,2.4293313
Philippines,PHL,2023-07-26,2.4293313
Philippines,PHL,2023-07-27,2.4293313
Philippines,PHL,2023-07-28,2.4293313
Philippines,PHL,2023-07-29,2.4293313
Philippines,PHL,2023-07-30,2.0946403
Philippines,PHL,2023-07-31,2.0946403
Philippines,PHL,2023-08-01,2.0946403
Philippines,PHL,2023-08-02,2.0946403
Philippines,PHL,2023-08-03,2.0946403
Philippines,PHL,2023-08-04,2.0946403
Philippines,PHL,2023-08-05,2.0946403
Philippines,PHL,2023-08-06,2.3303027
Philippines,PHL,2023-08-07,2.3303027
Philippines,PHL,2023-08-08,2.3303027
Philippines,PHL,2023-08-09,2.3303027
Philippines,PHL,2023-08-10,2.3303027
Philippines,PHL,2023-08-11,2.3303027
Philippines,PHL,2023-08-12,2.3303027
Philippines,PHL,2023-08-13,0.19304284
Philippines,PHL,2023-08-14,0.19304284
Philippines,PHL,2023-08-15,0.19304284
Philippines,PHL,2023-08-16,0.19304284
Philippines,PHL,2023-08-17,0.19304284
Philippines,PHL,2023-08-18,0.19304284
Philippines,PHL,2023-08-19,0.19304284
Philippines,PHL,2023-08-20,0
Philippines,PHL,2023-08-21,0
Philippines,PHL,2023-08-22,0
Philippines,PHL,2023-08-23,0
Philippines,PHL,2023-08-24,0
Philippines,PHL,2023-08-25,0
Philippines,PHL,2023-08-26,0
Philippines,PHL,2023-08-27,0.4287055
Philippines,PHL,2023-08-28,0.4287055
Philippines,PHL,2023-08-29,0.4287055
Philippines,PHL,2023-08-30,0.4287055
Philippines,PHL,2023-08-31,0.4287055
Philippines,PHL,2023-09-01,0.4287055
Philippines,PHL,2023-09-02,0.4287055
Philippines,PHL,2023-09-03,1.6433712
Philippines,PHL,2023-09-04,1.6433712
Philippines,PHL,2023-09-05,1.6433712
Philippines,PHL,2023-09-06,1.6433712
Philippines,PHL,2023-09-07,1.6433712
Philippines,PHL,2023-09-08,1.6433712
Philippines,PHL,2023-09-09,1.6433712
Philippines,PHL,2023-09-10,0.17298643
Philippines,PHL,2023-09-11,0.17298643
Philippines,PHL,2023-09-12,0.17298643
Philippines,PHL,2023-09-13,0.17298643
Philippines,PHL,2023-09-14,0.17298643
Philippines,PHL,2023-09-15,0.17298643
Philippines,PHL,2023-09-16,0.17298643
Philippines,PHL,2023-09-17,1.2384826
Philippines,PHL,2023-09-18,1.2384826
Philippines,PHL,2023-09-19,1.2384826
Philippines,PHL,2023-09-20,1.2384826
Philippines,PHL,2023-09-21,1.2384826
Philippines,PHL,2023-09-22,1.2384826
Philippines,PHL,2023-09-23,1.2384826
Philippines,PHL,2023-09-24,1.205891
Philippines,PHL,2023-09-25,1.205891
Philippines,PHL,2023-09-26,1.205891
Philippines,PHL,2023-09-27,1.205891
Philippines,PHL,2023-09-28,1.205891
Philippines,PHL,2023-09-29,1.205891
Philippines,PHL,2023-09-30,1.205891
Philippines,PHL,2023-10-01,1.430272
Philippines,PHL,2023-10-02,1.430272
Philippines,PHL,2023-10-03,1.430272
Philippines,PHL,2023-10-04,1.430272
Philippines,PHL,2023-10-05,1.430272
Philippines,PHL,2023-10-06,1.430272
Philippines,PHL,2023-10-07,1.430272
Philippines,PHL,2023-10-08,1.561892
Philippines,PHL,2023-10-09,1.561892
Philippines,PHL,2023-10-10,1.561892
Philippines,PHL,2023-10-11,1.561892
Philippines,PHL,2023-10-12,1.561892
Philippines,PHL,2023-10-13,1.561892
Philippines,PHL,2023-10-14,1.561892
Philippines,PHL,2023-10-15,1.2961447
Philippines,PHL,2023-10-16,1.2961447
Philippines,PHL,2023-10-17,1.2961447
Philippines,PHL,2023-10-18,1.2961447
Philippines,PHL,2023-10-19,1.2961447
Philippines,PHL,2023-10-20,1.2961447
Philippines,PHL,2023-10-21,1.2961447
Philippines,PHL,2023-10-22,1.8414282
Philippines,PHL,2023-10-23,1.8414282
Philippines,PHL,2023-10-24,1.8414282
Philippines,PHL,2023-10-25,1.8414282
Philippines,PHL,2023-10-26,1.8414282
Philippines,PHL,2023-10-27,1.8414282
Philippines,PHL,2023-10-28,1.8414282
Philippines,PHL,2023-10-29,1.5017228
Philippines,PHL,2023-10-30,1.5017228
Philippines,PHL,2023-10-31,1.5017228
Philippines,PHL,2023-11-01,1.5017228
Philippines,PHL,2023-11-02,1.5017228
Philippines,PHL,2023-11-03,1.5017228
Philippines,PHL,2023-11-04,1.5017228
Philippines,PHL,2023-11-05,1.3751168
Philippines,PHL,2023-11-06,1.3751168
Philippines,PHL,2023-11-07,1.3751168
Philippines,PHL,2023-11-08,1.3751168
Philippines,PHL,2023-11-09,1.3751168
Philippines,PHL,2023-11-10,1.3751168
Philippines,PHL,2023-11-11,1.3751168
Philippines,PHL,2023-11-12,1.1695387
Philippines,PHL,2023-11-13,1.1695387
Philippines,PHL,2023-11-14,1.1695387
Philippines,PHL,2023-11-15,1.1695387
Philippines,PHL,2023-11-16,1.1695387
Philippines,PHL,2023-11-17,1.1695387
Philippines,PHL,2023-11-18,1.1695387
Philippines,PHL,2023-11-19,1.1457218
Philippines,PHL,2023-11-20,1.1457218
Philippines,PHL,2023-11-21,1.1457218
Philippines,PHL,2023-11-22,1.1457218
Philippines,PHL,2023-11-23,1.1457218
Philippines,PHL,2023-11-24,1.1457218
Philippines,PHL,2023-11-25,1.1457218
Philippines,PHL,2023-11-26,1.6709487
Philippines,PHL,2023-11-27,1.6709487
Philippines,PHL,2023-11-28,1.6709487
Philippines,PHL,2023-11-29,1.6709487
Philippines,PHL,2023-11-30,1.6709487
Philippines,PHL,2023-12-01,1.6709487
Philippines,PHL,2023-12-02,1.6709487
Philippines,PHL,2023-12-03,1.5819484
Philippines,PHL,2023-12-04,1.5819484
Philippines,PHL,2023-12-05,1.5819484
Philippines,PHL,2023-12-06,1.5819484
Philippines,PHL,2023-12-07,1.5819484
Philippines,PHL,2023-12-08,1.5819484
Philippines,PHL,2023-12-09,1.5819484
Philippines,PHL,2023-12-10,1.4578495
Philippines,PHL,2023-12-11,1.4578495
Philippines,PHL,2023-12-12,1.4578495
Philippines,PHL,2023-12-13,1.4578495
Philippines,PHL,2023-12-14,1.4578495
Philippines,PHL,2023-12-15,1.4578495
Philippines,PHL,2023-12-16,1.4578495
Philippines,PHL,2023-12-17,1.7261038
Philippines,PHL,2023-12-18,1.7261038
Philippines,PHL,2023-12-19,1.7261038
Philippines,PHL,2023-12-20,1.7261038
Philippines,PHL,2023-12-21,1.7261038
Philippines,PHL,2023-12-22,1.7261038
Philippines,PHL,2023-12-23,1.7261038
Philippines,PHL,2023-12-24,3.1350658
Philippines,PHL,2023-12-25,3.1350658
Philippines,PHL,2023-12-26,3.1350658
Philippines,PHL,2023-12-27,3.1350658
Philippines,PHL,2023-12-28,3.1350658
Philippines,PHL,2023-12-29,3.1350658
Philippines,PHL,2023-12-30,3.1350658
Philippines,PHL,2023-12-31,4.0601673
Philippines,PHL,2024-01-01,4.0601673
Philippines,PHL,2024-01-02,4.0601673
Philippines,PHL,2024-01-03,4.0601673
Philippines,PHL,2024-01-04,4.0601673
Philippines,PHL,2024-01-05,4.0601673
Philippines,PHL,2024-01-06,4.0601673
Philippines,PHL,2024-01-07,3.9423358
Philippines,PHL,2024-01-08,3.9423358
Philippines,PHL,2024-01-09,3.9423358
Philippines,PHL,2024-01-10,3.9423358
Philippines,PHL,2024-01-11,3.9423358
Philippines,PHL,2024-01-12,3.9423358
Philippines,PHL,2024-01-13,3.9423358
Philippines,PHL,2024-01-14,4.0350966
Philippines,PHL,2024-01-15,4.0350966
Philippines,PHL,2024-01-16,4.0350966
Philippines,PHL,2024-01-17,4.0350966
Philippines,PHL,2024-01-18,4.0350966
Philippines,PHL,2024-01-19,4.0350966
Philippines,PHL,2024-01-20,4.0350966
Philippines,PHL,2024-01-21,2.2801619
Philippines,PHL,2024-01-22,2.2801619
Philippines,PHL,2024-01-23,2.2801619
Philippines,PHL,2024-01-24,2.2801619
Philippines,PHL,2024-01-25,2.2801619
Philippines,PHL,2024-01-26,2.2801619
Philippines,PHL,2024-01-27,2.2801619
Philippines,PHL,2024-01-28,0
Philippines,PHL,2024-01-29,0
Philippines,PHL,2024-01-30,0
Philippines,PHL,2024-01-31,0
Philippines,PHL,2024-02-01,0
Philippines,PHL,2024-02-02,0
Philippines,PHL,2024-02-03,0
Philippines,PHL,2024-02-04,0
Philippines,PHL,2024-02-05,0
Philippines,PHL,2024-02-06,0
Philippines,PHL,2024-02-07,0
Philippines,PHL,2024-02-08,0
Philippines,PHL,2024-02-09,0
Philippines,PHL,2024-02-10,0
Philippines,PHL,2024-02-11,0
Philippines,PHL,2024-02-12,0
Philippines,PHL,2024-02-13,0
Philippines,PHL,2024-02-14,0
Philippines,PHL,2024-02-15,0
Philippines,PHL,2024-02-16,0
Philippines,PHL,2024-02-17,0
Philippines,PHL,2024-02-18,0
Philippines,PHL,2024-02-19,0
Philippines,PHL,2024-02-20,0
Philippines,PHL,2024-02-21,0
Philippines,PHL,2024-02-22,0
Philippines,PHL,2024-02-23,0
Philippines,PHL,2024-02-24,0
Philippines,PHL,2024-02-25,0
Philippines,PHL,2024-02-26,0
Philippines,PHL,2024-02-27,0
Philippines,PHL,2024-02-28,0
Philippines,PHL,2024-02-29,0
Philippines,PHL,2024-03-01,0
Philippines,PHL,2024-03-02,0
Philippines,PHL,2024-03-03,0
Philippines,PHL,2024-03-04,0
Philippines,PHL,2024-03-05,0
Philippines,PHL,2024-03-06,0
Philippines,PHL,2024-03-07,0
Philippines,PHL,2024-03-08,0
Philippines,PHL,2024-03-09,0
Philippines,PHL,2024-03-10,0
Philippines,PHL,2024-03-11,0
Philippines,PHL,2024-03-12,0
Philippines,PHL,2024-03-13,0
Philippines,PHL,2024-03-14,0
Philippines,PHL,2024-03-15,0
Philippines,PHL,2024-03-16,0
Philippines,PHL,2024-03-17,0
Philippines,PHL,2024-03-18,0
Philippines,PHL,2024-03-19,0
Philippines,PHL,2024-03-20,0
Philippines,PHL,2024-03-21,0
Philippines,PHL,2024-03-22,0
Philippines,PHL,2024-03-23,0
Philippines,PHL,2024-03-24,0
Philippines,PHL,2024-03-25,0
Philippines,PHL,2024-03-26,0
Philippines,PHL,2024-03-27,0
Philippines,PHL,2024-03-28,0
Philippines,PHL,2024-03-29,0
Philippines,PHL,2024-03-30,0
Philippines,PHL,2024-03-31,0
Philippines,PHL,2024-04-01,0
Philippines,PHL,2024-04-02,0
Philippines,PHL,2024-04-03,0
Philippines,PHL,2024-04-04,0
Philippines,PHL,2024-04-05,0
Philippines,PHL,2024-04-06,0
Philippines,PHL,2024-04-07,0
Philippines,PHL,2024-04-08,0
Philippines,PHL,2024-04-09,0
Philippines,PHL,2024-04-10,0
Philippines,PHL,2024-04-11,0
Philippines,PHL,2024-04-12,0
Philippines,PHL,2024-04-13,0
Philippines,PHL,2024-04-14,0
Philippines,PHL,2024-04-15,0
Philippines,PHL,2024-04-16,0
Philippines,PHL,2024-04-17,0
Philippines,PHL,2024-04-18,0
Philippines,PHL,2024-04-19,0
Philippines,PHL,2024-04-20,0
Philippines,PHL,2024-04-21,0
Philippines,PHL,2024-04-22,0
Philippines,PHL,2024-04-23,0
Philippines,PHL,2024-04-24,0
Philippines,PHL,2024-04-25,0
Philippines,PHL,2024-04-26,0
Philippines,PHL,2024-04-27,0
Philippines,PHL,2024-04-28,0
Philippines,PHL,2024-04-29,0
Philippines,PHL,2024-04-30,0
Philippines,PHL,2024-05-01,0
Philippines,PHL,2024-05-02,0
Philippines,PHL,2024-05-03,0
Philippines,PHL,2024-05-04,0
Philippines,PHL,2024-05-05,0
Philippines,PHL,2024-05-06,0
Philippines,PHL,2024-05-07,0
Philippines,PHL,2024-05-08,0
Philippines,PHL,2024-05-09,0
Philippines,PHL,2024-05-10,0
Philippines,PHL,2024-05-11,0
Philippines,PHL,2024-05-12,0
Philippines,PHL,2024-05-13,0
Philippines,PHL,2024-05-14,0
Philippines,PHL,2024-05-15,0
Philippines,PHL,2024-05-16,0
Philippines,PHL,2024-05-17,0
Philippines,PHL,2024-05-18,0
Philippines,PHL,2024-05-19,0
Philippines,PHL,2024-05-20,0
Philippines,PHL,2024-05-21,0
Philippines,PHL,2024-05-22,0
Philippines,PHL,2024-05-23,0
Philippines,PHL,2024-05-24,0
Philippines,PHL,2024-05-25,0
Philippines,PHL,2024-05-26,0
Philippines,PHL,2024-05-27,0
Philippines,PHL,2024-05-28,0
Philippines,PHL,2024-05-29,0
Philippines,PHL,2024-05-30,0
Philippines,PHL,2024-05-31,0
Philippines,PHL,2024-06-01,0
Philippines,PHL,2024-06-02,0
Philippines,PHL,2024-06-03,0
Philippines,PHL,2024-06-04,0
Philippines,PHL,2024-06-05,0
Philippines,PHL,2024-06-06,0
Philippines,PHL,2024-06-07,0
Philippines,PHL,2024-06-08,0
Philippines,PHL,2024-06-09,0
Philippines,PHL,2024-06-10,0
Philippines,PHL,2024-06-11,0
Philippines,PHL,2024-06-12,0
Philippines,PHL,2024-06-13,0
Philippines,PHL,2024-06-14,0
Philippines,PHL,2024-06-15,0
Philippines,PHL,2024-06-16,0
Philippines,PHL,2024-06-17,0
Philippines,PHL,2024-06-18,0
Philippines,PHL,2024-06-19,0
Philippines,PHL,2024-06-20,0
Philippines,PHL,2024-06-21,0
Philippines,PHL,2024-06-22,0
Philippines,PHL,2024-06-23,0
Philippines,PHL,2024-06-24,0
Philippines,PHL,2024-06-25,0
Philippines,PHL,2024-06-26,0
Philippines,PHL,2024-06-27,0
Philippines,PHL,2024-06-28,0
Philippines,PHL,2024-06-29,0
Philippines,PHL,2024-06-30,0
Philippines,PHL,2024-07-01,0
Philippines,PHL,2024-07-02,0
Philippines,PHL,2024-07-03,0
Philippines,PHL,2024-07-04,0
Philippines,PHL,2024-07-05,0
Philippines,PHL,2024-07-06,0
Philippines,PHL,2024-07-07,0
Philippines,PHL,2024-07-08,0
Philippines,PHL,2024-07-09,0
Philippines,PHL,2024-07-10,0
Philippines,PHL,2024-07-11,0
Philippines,PHL,2024-07-12,0
Philippines,PHL,2024-07-13,0
Philippines,PHL,2024-07-14,0
Philippines,PHL,2024-07-15,0
Philippines,PHL,2024-07-16,0
Philippines,PHL,2024-07-17,0
Philippines,PHL,2024-07-18,0
Philippines,PHL,2024-07-19,0
Philippines,PHL,2024-07-20,0
Philippines,PHL,2024-07-21,0
Philippines,PHL,2024-07-22,0
Philippines,PHL,2024-07-23,0
Philippines,PHL,2024-07-24,0
Philippines,PHL,2024-07-25,0
Philippines,PHL,2024-07-26,0
Philippines,PHL,2024-07-27,0
Philippines,PHL,2024-07-28,0
Philippines,PHL,2024-07-29,0
Philippines,PHL,2024-07-30,0
Philippines,PHL,2024-07-31,0
Philippines,PHL,2024-08-01,0
Philippines,PHL,2024-08-02,0
Philippines,PHL,2024-08-03,0
Philippines,PHL,2024-08-04,0
Philippines,PHL,2024-08-05,0
Philippines,PHL,2024-08-06,0
Philippines,PHL,2024-08-07,0
Philippines,PHL,2024-08-08,0
Philippines,PHL,2024-08-09,0
Philippines,PHL,2024-08-10,0
Philippines,PHL,2024-08-11,0
Philippines,PHL,2024-08-12,0
Philippines,PHL,2024-08-13,0
Philippines,PHL,2024-08-14,0
Philippines,PHL,2024-08-15,0
Philippines,PHL,2024-08-16,0
Philippines,PHL,2024-08-17,0
Philippines,PHL,2024-08-18,0
Philippines,PHL,2024-08-19,0
Philippines,PHL,2024-08-20,0
Philippines,PHL,2024-08-21,0
Philippines,PHL,2024-08-22,0
Philippines,PHL,2024-08-23,0
Philippines,PHL,2024-08-24,0
Philippines,PHL,2024-08-25,0
Philippines,PHL,2024-08-26,0
Philippines,PHL,2024-08-27,0
Philippines,PHL,2024-08-28,0
Philippines,PHL,2024-08-29,0
Philippines,PHL,2024-08-30,0
Philippines,PHL,2024-08-31,0
Philippines,PHL,2024-09-01,0
Philippines,PHL,2024-09-02,0
Philippines,PHL,2024-09-03,0
Philippines,PHL,2024-09-04,0
Philippines,PHL,2024-09-05,0
Philippines,PHL,2024-09-06,0
Philippines,PHL,2024-09-07,0
Philippines,PHL,2024-09-08,0
Philippines,PHL,2024-09-09,0
Philippines,PHL,2024-09-10,0
Philippines,PHL,2024-09-11,0
Philippines,PHL,2024-09-12,0
Philippines,PHL,2024-09-13,0
Philippines,PHL,2024-09-14,0
Philippines,PHL,2024-09-15,0
Philippines,PHL,2024-09-16,0
Philippines,PHL,2024-09-17,0
Philippines,PHL,2024-09-18,0
Philippines,PHL,2024-09-19,0
Philippines,PHL,2024-09-20,0
Philippines,PHL,2024-09-21,0
Philippines,PHL,2024-09-22,0
Philippines,PHL,2024-09-23,0
Philippines,PHL,2024-09-24,0
Philippines,PHL,2024-09-25,0
Philippines,PHL,2024-09-26,0
Philippines,PHL,2024-09-27,0
Philippines,PHL,2024-09-28,0
Philippines,PHL,2024-09-29,0
Philippines,PHL,2024-09-30,0
Philippines,PHL,2024-10-01,0
Philippines,PHL,2024-10-02,0
Philippines,PHL,2024-10-03,0
Philippines,PHL,2024-10-04,0
Philippines,PHL,2024-10-05,0
Philippines,PHL,2024-10-06,0
Philippines,PHL,2024-10-07,0
Philippines,PHL,2024-10-08,0
Philippines,PHL,2024-10-09,0
Philippines,PHL,2024-10-10,0
Philippines,PHL,2024-10-11,0
Philippines,PHL,2024-10-12,0
Philippines,PHL,2024-10-13,0
Philippines,PHL,2024-10-14,0
Philippines,PHL,2024-10-15,0
Philippines,PHL,2024-10-16,0
Philippines,PHL,2024-10-17,0
Philippines,PHL,2024-10-18,0
Philippines,PHL,2024-10-19,0
Philippines,PHL,2024-10-20,0
Philippines,PHL,2024-10-21,0
Philippines,PHL,2024-10-22,0
Philippines,PHL,2024-10-23,0
Philippines,PHL,2024-10-24,0
Philippines,PHL,2024-10-25,0
Philippines,PHL,2024-10-26,0
Philippines,PHL,2024-10-27,0
Philippines,PHL,2024-10-28,0
Philippines,PHL,2024-10-29,0
Philippines,PHL,2024-10-30,0
Philippines,PHL,2024-10-31,0
Philippines,PHL,2024-11-01,0
Philippines,PHL,2024-11-02,0
Philippines,PHL,2024-11-03,0